










<!DOCTYPE HTML PUBLIC "-//W3C//Dtd HTML 4.0 transitional//en">
<html lang="en">
	<head>
		<meta http-equiv="X-UA-Compatible" content="IE=7;IE=8;IE=9" />
		<meta http-equiv="cache-control" content="no-cache">
		<link href="/nidp/Styles/sat.css" rel="stylesheet" type="text/css" />
		<link rel="shortcut icon" href="images/favicon.ico" type="image/vnd.microsoft.icon" />
		<link rel="icon" href="images/favicon.ico" type="image/vnd.microsoft.icon" />


		<meta http-equiv="refresh" content="0; url=/nidp/lodc.jsp?regresar=https%3A%2F%2Fportalcfdi.facturaelectronica.sat.gob.mx%2Flogout.aspx%3Fsalir%3Dy">


	</head>
	<body marginwidth="0" marginheight="0" leftmargin="10" topmargin="0">
		<div id="cuerpo_principal">
                	<div id="encabezado">
                        	<div id="firma_busqueda">
                                	<!--img id="ImgLogoSat" class="logosat" src="/nidp/images/logoSAT.jpg" /-->
                                        	<span class="tituloencabezado"></span>
                        	</div>
			</div>
		<div class="menu_principal"></div>
                	<div id="cuerpo">

                        	<table border="0">
                                        <tr>
                                            <td><div style="font-size: 17px;font-family:'Open Sans',sans-serif;">Su sesi&oacute;n se esta cerrando...</div></td>
                                        </tr>
                        	</table>
				<img  width="0" height="0" src="/nidp/app/logout" />
			</div>
		</div>

    </body>
</html>
